<?xml version="1.0" encoding="UTF-8"?><HandBallStat><Squadra><Nome>Alì Mestrino</Nome><Società>ASD Pallamano Mestrino</Società><Vittorie>0</Vittorie><Pareggi>0</Pareggi><Sconfitte>0</Sconfitte><Penalità>0</Penalità><Giocatore><Nome>Alina</Nome><Cognome>Costache</Cognome><Numero>88</Numero><Nascita>05/04/1995</Nascita></Giocatore><Giocatore><Nome>Giovanna</Nome><Cognome>D'Arco</Cognome><Numero>12</Numero><Nascita>01/01/1990</Nascita></Giocatore><Giocatore><Nome>Emanuela</Nome><Cognome>Guerra</Cognome><Numero>16</Numero><Nascita>06/04/1991</Nascita></Giocatore><Giocatore><Nome>Itsmi</Nome><Cognome>Mario</Cognome><Numero>7</Numero><Nascita>02/04/1981</Nascita></Giocatore><Giocatore><Nome>Amelia</Nome><Cognome>Sheperd</Cognome><Numero>22</Numero><Nascita>06/09/1986</Nascita></Giocatore><Giocatore><Nome>Alfonso</Nome><Cognome>Signorini</Cognome><Numero>34</Numero><Nascita>03/01/1982</Nascita></Giocatore><Allenatore><Nome>Claudio</Nome><Cognome>Bisio</Cognome><Nascita>03/01/1972</Nascita></Allenatore><Giocatore><Portiere><Nome>Matteo</Nome><Cognome>Barbero</Cognome><Numero>17</Numero><Nascita>18/01/1990</Nascita></Portiere></Giocatore><Giocatore><Portiere><Nome>Giulia</Nome><Cognome>Gamba</Cognome><Numero>18</Numero><Nascita>19/01/1990</Nascita></Portiere></Giocatore><Giocatore><Portiere><Nome>Paola</Nome><Cognome>Perego</Cognome><Numero>19</Numero><Nascita>20/01/1990</Nascita></Portiere></Giocatore><Giocatore><Portiere><Nome>Giuseppina</Nome><Cognome>Nosenzo</Cognome><Numero>20</Numero><Nascita>21/01/1990</Nascita></Portiere></Giocatore><Giocatore><Portiere><Nome>Salvatore</Nome><Cognome>Binello</Cognome><Numero>21</Numero><Nascita>22/01/1990</Nascita></Portiere></Giocatore><Giocatore><Portiere><Nome>Fabio</Nome><Cognome>Penna</Cognome><Numero>22</Numero><Nascita>23/01/1990</Nascita></Portiere></Giocatore><Giocatore><Portiere><Nome>Stefano</Nome><Cognome>Palumbo</Cognome><Numero>23</Numero><Nascita>24/01/1990</Nascita></Portiere></Giocatore><Giocatore><Portiere><Nome>Daniela</Nome><Cognome>Ferraris</Cognome><Numero>24</Numero><Nascita>25/01/1990</Nascita></Portiere></Giocatore><Giocatore><Portiere><Nome>Elena</Nome><Cognome>Bruno</Cognome><Numero>25</Numero><Nascita>26/01/1990</Nascita></Portiere></Giocatore><Giocatore><Portiere><Nome>Lorenzo</Nome><Cognome>Marello</Cognome><Numero>26</Numero><Nascita>27/01/1990</Nascita></Portiere></Giocatore><Giocatore><Portiere><Nome>Rosa</Nome><Cognome>Rissone</Cognome><Numero>27</Numero><Nascita>28/01/1990</Nascita></Portiere></Giocatore><Allenatore><Nome>Angela</Nome><Cognome>Nebiolo</Cognome><Nascita>29/01/1990</Nascita></Allenatore></Squadra><Squadra><Nome>Ferrara</Nome><Società>Ariosto Ferrara</Società><Vittorie>0</Vittorie><Pareggi>0</Pareggi><Sconfitte>0</Sconfitte><Penalità>0</Penalità><Giocatore><Nome>Befana</Nome><Cognome>Epifania</Cognome><Numero>1</Numero><Nascita>01/01/1990</Nascita></Giocatore><Allenatore><Nome>Flavia</Nome><Cognome>Giacomini</Cognome><Nascita>16/02/1966</Nascita></Allenatore><Giocatore><Nome>Giuseppe</Nome><Cognome>Musso</Cognome><Numero>2</Numero><Nascita>01/01/1990</Nascita></Giocatore><Giocatore><Nome>Maria</Nome><Cognome>Cerrato</Cognome><Numero>3</Numero><Nascita>02/01/1990</Nascita></Giocatore><Giocatore><Nome>Andrea</Nome><Cognome>Ferrero</Cognome><Numero>4</Numero><Nascita>03/01/1990</Nascita></Giocatore><Giocatore><Nome>Marco</Nome><Cognome>Fassio</Cognome><Numero>5</Numero><Nascita>04/01/1990</Nascita></Giocatore><Giocatore><Nome>Francesco</Nome><Cognome>Viarengo</Cognome><Numero>6</Numero><Nascita>05/01/1990</Nascita></Giocatore><Giocatore><Nome>Giovanni</Nome><Cognome>Rosso</Cognome><Numero>7</Numero><Nascita>06/01/1990</Nascita></Giocatore><Giocatore><Nome>Alessandro</Nome><Cognome>Bianco</Cognome><Numero>8</Numero><Nascita>07/01/1990</Nascita></Giocatore><Giocatore><Nome>Roberto</Nome><Cognome>Gallo</Cognome><Numero>9</Numero><Nascita>08/01/1990</Nascita></Giocatore><Giocatore><Nome>Luca</Nome><Cognome>Raviola</Cognome><Numero>10</Numero><Nascita>09/01/1990</Nascita></Giocatore><Giocatore><Nome>Francesca</Nome><Cognome>Conti</Cognome><Numero>11</Numero><Nascita>10/01/1990</Nascita></Giocatore><Giocatore><Nome>Antonio</Nome><Cognome>Seferovic</Cognome><Numero>12</Numero><Nascita>11/01/1990</Nascita></Giocatore><Giocatore><Nome>Antonio</Nome><Cognome>Amerio</Cognome><Numero>13</Numero><Nascita>12/01/1990</Nascita></Giocatore><Giocatore><Nome>Anna</Nome><Cognome>Torchio</Cognome><Numero>14</Numero><Nascita>13/01/1990</Nascita></Giocatore><Giocatore><Nome>Paolo</Nome><Cognome>Graziano</Cognome><Numero>15</Numero><Nascita>14/01/1990</Nascita></Giocatore><Giocatore><Portiere><Nome>Mario</Nome><Cognome>Negro</Cognome><Numero>16</Numero><Nascita>15/01/1990</Nascita></Portiere></Giocatore><Allenatore><Nome>Luigi</Nome><Cognome>Marino</Cognome><Nascita>16/01/1990</Nascita></Allenatore></Squadra><Squadra><Nome>Globo-Allianz Teramo</Nome><Società>Teramo</Società><Vittorie>0</Vittorie><Pareggi>0</Pareggi><Sconfitte>0</Sconfitte><Penalità>0</Penalità><Giocatore><Nome>Giorgio</Nome><Cognome>Monticone</Cognome><Numero>28</Numero><Nascita>31/01/1990</Nascita></Giocatore><Giocatore><Nome>Anna Maria</Nome><Cognome>Russo</Cognome><Numero>29</Numero><Nascita>01/02/1990</Nascita></Giocatore><Giocatore><Nome>Laura</Nome><Cognome>Perosino</Cognome><Numero>30</Numero><Nascita>02/02/1990</Nascita></Giocatore><Giocatore><Nome>Sara</Nome><Cognome>Morra</Cognome><Numero>31</Numero><Nascita>03/02/1990</Nascita></Giocatore><Giocatore><Nome>Chiara</Nome><Cognome>Franco</Cognome><Numero>32</Numero><Nascita>04/02/1990</Nascita></Giocatore><Giocatore><Nome>Franco</Nome><Cognome>Carbone</Cognome><Numero>33</Numero><Nascita>05/02/1990</Nascita></Giocatore><Giocatore><Nome>Alberto</Nome><Cognome>Saracco</Cognome><Numero>34</Numero><Nascita>06/02/1990</Nascita></Giocatore><Giocatore><Nome>Silvia</Nome><Cognome>Bosia</Cognome><Numero>35</Numero><Nascita>07/02/1990</Nascita></Giocatore><Giocatore><Portiere><Nome>Riccardo</Nome><Cognome>Risso</Cognome><Numero>36</Numero><Nascita>08/02/1990</Nascita></Portiere></Giocatore><Allenatore><Nome>Vincenzo</Nome><Cognome>Marmo</Cognome><Nascita>09/02/1990</Nascita></Allenatore><Giocatore><Nome>Carlo</Nome><Cognome>Serra</Cognome><Numero>37</Numero><Nascita>11/02/1990</Nascita></Giocatore><Giocatore><Nome>Simone</Nome><Cognome>Valente</Cognome><Numero>38</Numero><Nascita>12/02/1990</Nascita></Giocatore><Giocatore><Nome>Claudio</Nome><Cognome>Hoxha</Cognome><Numero>39</Numero><Nascita>13/02/1990</Nascita></Giocatore></Squadra><Squadra><Nome>Inter</Nome><Società>FC Internazionale Milano</Società><Vittorie>0</Vittorie><Pareggi>0</Pareggi><Sconfitte>0</Sconfitte><Penalità>0</Penalità><Giocatore><Nome>Carla</Nome><Cognome>Montrucchio</Cognome><Numero>40</Numero><Nascita>14/02/1990</Nascita></Giocatore><Giocatore><Nome>Angelo</Nome><Cognome>Fornaca</Cognome><Numero>41</Numero><Nascita>15/02/1990</Nascita></Giocatore><Giocatore><Portiere><Nome>Giovanna</Nome><Cognome>Schilaci</Cognome><Numero>42</Numero><Nascita>16/02/1990</Nascita></Portiere></Giocatore><Giocatore><Portiere><Nome>Valentino</Nome><Cognome>Rossi</Cognome><Numero>46</Numero><Nascita>16/02/1990</Nascita></Portiere></Giocatore><Giocatore><Portiere><Nome>Mauro</Nome><Cognome>Borio</Cognome><Numero>47</Numero><Nascita>17/02/1990</Nascita></Portiere></Giocatore><Giocatore><Portiere><Nome>Lucia</Nome><Cognome>Brignolo</Cognome><Numero>48</Numero><Nascita>18/02/1990</Nascita></Portiere></Giocatore><Giocatore><Portiere><Nome>Pietro</Nome><Cognome>Falcone</Cognome><Numero>49</Numero><Nascita>19/02/1990</Nascita></Portiere></Giocatore><Giocatore><Portiere><Nome>Martina</Nome><Cognome>Avidano</Cognome><Numero>50</Numero><Nascita>20/02/1990</Nascita></Portiere></Giocatore><Giocatore><Portiere><Nome>Elisa</Nome><Cognome>Maggiora</Cognome><Numero>51</Numero><Nascita>21/02/1990</Nascita></Portiere></Giocatore><Allenatore><Nome>Cristina</Nome><Cognome>Forno</Cognome><Nascita>22/02/1990</Nascita></Allenatore><Allenatore><Nome>Domenico</Nome><Cognome>Trinchero</Cognome><Nascita>23/02/1990</Nascita></Allenatore></Squadra><Squadra><Nome>SSV Brixen</Nome><Società>Bressanone</Società><Vittorie>0</Vittorie><Pareggi>0</Pareggi><Sconfitte>0</Sconfitte><Penalità>5</Penalità><Allenatore><Nome>Hans</Nome><Cognome>Zimmer</Cognome><Nascita>23/12/1970</Nascita></Allenatore><Giocatore><Portiere><Nome>Federico</Nome><Cognome>Boano</Cognome><Numero>52</Numero><Nascita>25/02/1990</Nascita></Portiere></Giocatore><Giocatore><Nome>Patrizia</Nome><Cognome>Valpreda</Cognome><Numero>53</Numero><Nascita>26/02/1990</Nascita></Giocatore><Giocatore><Nome>Michele</Nome><Cognome>Boero</Cognome><Numero>54</Numero><Nascita>27/02/1990</Nascita></Giocatore><Giocatore><Nome>Rita</Nome><Cognome>Rizzo</Cognome><Numero>55</Numero><Nascita>28/02/1990</Nascita></Giocatore><Giocatore><Nome>Bruno</Nome><Cognome>Arri</Cognome><Numero>56</Numero><Nascita>28/03/1991</Nascita></Giocatore><Giocatore><Nome>Teresa</Nome><Cognome>Longo</Cognome><Numero>57</Numero><Nascita>29/03/1991</Nascita></Giocatore><Giocatore><Nome>Sergio</Nome><Cognome>Accornero</Cognome><Numero>58</Numero><Nascita>30/03/1991</Nascita></Giocatore><Giocatore><Nome>Alessia</Nome><Cognome>Argenta</Cognome><Numero>59</Numero><Nascita>31/03/1991</Nascita></Giocatore><Giocatore><Nome>Daniele</Nome><Cognome>Biamino</Cognome><Numero>60</Numero><Nascita>01/03/1991</Nascita></Giocatore><Giocatore><Nome>Gabriele</Nome><Cognome>Gonella</Cognome><Numero>61</Numero><Nascita>02/03/1991</Nascita></Giocatore><Giocatore><Nome>Monica</Nome><Cognome>Costa</Cognome><Numero>62</Numero><Nascita>02/04/1991</Nascita></Giocatore><Giocatore><Nome>Carmela</Nome><Cognome>Cestari</Cognome><Numero>63</Numero><Nascita>02/05/1991</Nascita></Giocatore><Giocatore><Nome>Barbara</Nome><Cognome>Bo</Cognome><Numero>64</Numero><Nascita>02/06/1991</Nascita></Giocatore><Giocatore><Nome>Luciano</Nome><Cognome>Masoero</Cognome><Numero>65</Numero><Nascita>02/07/1991</Nascita></Giocatore><Giocatore><Nome>Franca</Nome><Cognome>Bosticco</Cognome><Numero>66</Numero><Nascita>02/08/1991</Nascita></Giocatore><Giocatore><Nome>Stefania</Nome><Cognome>Mancuso</Cognome><Numero>66</Numero><Nascita>02/09/1991</Nascita></Giocatore><Giocatore><Nome>Federica</Nome><Cognome>Maschio</Cognome><Numero>67</Numero><Nascita>02/10/1991</Nascita></Giocatore><Giocatore><Nome>Roberta</Nome><Cognome>Fassone</Cognome><Numero>68</Numero><Nascita>02/11/1991</Nascita></Giocatore><Giocatore><Nome>Antonella</Nome><Cognome>Vercelli</Cognome><Numero>69</Numero><Nascita>02/12/1991</Nascita></Giocatore><Giocatore><Nome>Enrico</Nome><Cognome>Beganovic</Cognome><Numero>70</Numero><Nascita>03/12/1992</Nascita></Giocatore><Allenatore><Nome>Mattia</Nome><Cognome>Raniero</Cognome><Nascita>02/12/1992</Nascita></Allenatore><Allenatore><Nome>Giorgia</Nome><Cognome>Gentile</Cognome><Nascita>03/12/1992</Nascita></Allenatore></Squadra><Arbitro><Nome>Owen</Nome><Cognome>Hunt</Cognome><Nascita>25/08/1963</Nascita><Livello>0</Livello></Arbitro><Arbitro><Nome>Celin</Nome><Cognome>Dion</Cognome><Nascita>22/12/1960</Nascita><Livello>0</Livello></Arbitro><Arbitro><Nome>Davide</Nome><Cognome>Grasso</Cognome><Nascita>17/01/1990</Nascita><Livello>3</Livello></Arbitro><Arbitro><Nome>Massimo</Nome><Cognome>Pavese</Cognome><Nascita>30/01/1990</Nascita><Livello>3</Livello></Arbitro><Arbitro><Nome>Valentina</Nome><Cognome>Lombardo</Cognome><Nascita>10/02/1990</Nascita><Livello>3</Livello></Arbitro><Arbitro><Nome>Simona</Nome><Cognome>Cotto</Cognome><Nascita>24/02/1990</Nascita><Livello>1</Livello></Arbitro><Arbitro><Nome>Gianluca</Nome><Cognome>Giuliano</Cognome><Nascita>04/12/1992</Nascita><Livello>0</Livello></Arbitro></HandBallStat>
