<?xml version="1.0" encoding="UTF-8"?><HandBallStat><Squadra><Nome>Alì Mestrino</Nome><Società>ASD Pallamano Mestrino</Società><Vittorie>0</Vittorie><Pareggi>0</Pareggi><Sconfitte>0</Sconfitte><Penalità>0</Penalità><Giocatore><Nome>Beatrice</Nome><Cognome>Guerra</Cognome><Numero>29</Numero><Nascita>12/06/1995</Nascita></Giocatore><Giocatore><Nome>Alina</Nome><Cognome>Costache</Cognome><Numero>88</Numero><Nascita>05/04/1995</Nascita></Giocatore><Giocatore><Nome>Emanuela</Nome><Cognome>Guerra</Cognome><Numero>16</Numero><Nascita>06/04/1991</Nascita></Giocatore></Squadra><Squadra><Nome>Ferrara</Nome><Società>Ariosto Ferrara</Società><Vittorie>0</Vittorie><Pareggi>0</Pareggi><Sconfitte>0</Sconfitte><Penalità>0</Penalità><Giocatore><Nome>Gaia</Nome><Cognome>Zuin</Cognome><Numero>14</Numero><Nascita>05/02/1995</Nascita></Giocatore><Giocatore><Nome>Moretti</Nome><Cognome>Giorgia</Cognome><Numero>1</Numero><Nascita>04/12/1991</Nascita></Giocatore><Allenatore><Nome>Flavia</Nome><Cognome>Giacomini</Cognome><Nascita>16/02/1966</Nascita></Allenatore></Squadra><Arbitro><Nome>Alì</Nome><Cognome>Babà</Cognome><Nascita>25/08/1963</Nascita><Livello>0</Livello></Arbitro><Arbitro><Nome>Babbo</Nome><Cognome>Natale</Cognome><Nascita>22/12/1960</Nascita><Livello>0</Livello></Arbitro></HandBallStat>
