<?xml version="1.0" encoding="UTF-8"?><HandBallStat><Squadra><Nome>Alì Mestrino</Nome><Società>ASD Pallamano Mestrino</Società><Vittorie>0</Vittorie><Pareggi>0</Pareggi><Sconfitte>0</Sconfitte><Penalità>0</Penalità><Giocatore><Nome>Alina</Nome><Cognome>Costache</Cognome><Numero>88</Numero><Nascita>05/04/1995</Nascita></Giocatore><Giocatore><Nome>Giovanna</Nome><Cognome>D'Arco</Cognome><Numero>12</Numero><Nascita>01/01/1990</Nascita></Giocatore><Giocatore><Nome>Emanuela</Nome><Cognome>Guerra</Cognome><Numero>16</Numero><Nascita>06/04/1991</Nascita></Giocatore><Giocatore><Nome>Itsmi</Nome><Cognome>Mario</Cognome><Numero>7</Numero><Nascita>02/04/1981</Nascita></Giocatore><Giocatore><Nome>Amelia</Nome><Cognome>Sheperd</Cognome><Numero>22</Numero><Nascita>06/09/1986</Nascita></Giocatore></Squadra><Squadra><Nome>Ferrara</Nome><Società>Ariosto Ferrara</Società><Vittorie>0</Vittorie><Pareggi>0</Pareggi><Sconfitte>0</Sconfitte><Penalità>0</Penalità><Giocatore><Nome>Befana</Nome><Cognome>Epifania</Cognome><Numero>1</Numero><Nascita>01/01/1990</Nascita></Giocatore><Allenatore><Nome>Flavia</Nome><Cognome>Giacomini</Cognome><Nascita>16/02/1966</Nascita></Allenatore></Squadra><Squadra><Nome>SSV Brixen</Nome><Società>Bressanone</Società><Vittorie>0</Vittorie><Pareggi>0</Pareggi><Sconfitte>0</Sconfitte><Penalità>5</Penalità><Allenatore><Nome>Hans</Nome><Cognome>Zimmer</Cognome><Nascita>23/12/1970</Nascita></Allenatore></Squadra><Arbitro><Nome>Owen</Nome><Cognome>Hunt</Cognome><Nascita>01/01/1974</Nascita><Livello>3</Livello></Arbitro><Arbitro><Nome>Angelina</Nome><Cognome>Jolie</Cognome><Nascita>23/05/1974</Nascita><Livello>3</Livello></Arbitro></HandBallStat>
